[{"model": "auth.user", "pk": 1, "fields": {"password": "pbkdf2_sha256$870000$84wVtjoXN5nVJl9iDmN2vD$o7ymk+94xlWpTLodOQGgq/3PZAfFeG3rVPU7tXidOwg=", "last_login": "2026-04-28T12:52:15.850Z", "is_superuser": true, "username": "dancan.mbuvi", "first_name": "Mutuku", "last_name": "Dancan", "email": "dancanmutuku7@gmail.com", "is_staff": true, "is_active": true, "date_joined": "2026-03-31T08:54:08Z", "groups": [], "user_permissions": []}}, {"model": "auth.user", "pk": 2, "fields": {"password": "pbkdf2_sha256$1200000$T1j60mITJ2plV7PEvZNwU6$HUxH4Znpp/p8OFn0fv1YF8baOiCd5azivvfz0NeRWc8=", "last_login": "2026-03-31T11:31:29.447Z", "is_superuser": false, "username": "dancanmutuku7", "first_name": "", "last_name": "", "email": "dancanmutuku7@gmail.com", "is_staff": false, "is_active": true, "date_joined": "2026-03-31T08:54:46.275Z", "groups": [], "user_permissions": []}}, {"model": "auth.user", "pk": 3, "fields": {"password": "!hLD0BDf7hmz221qswWteiejFFhmN4NYxVHuXr2vb", "last_login": "2026-04-28T12:48:40.143Z", "is_superuser": false, "username": "dancan", "first_name": "Dancan", "last_name": "mutuku", "email": "mutukudancan6@gmail.com", "is_staff": false, "is_active": true, "date_joined": "2026-04-02T09:09:53.986Z", "groups": [], "user_permissions": []}}, {"model": "sessions.session", "pk": "1955pq93o3blijra0rf6gti0ei0460sv", "fields": {"session_data": ".eJydU9tu4joU_RXkh3k5kDoXJw7SaMRlmKGUFigkaY9GkWM7F0jikEshU_Hv41CONH09krVlrb330lrLyTuoBE1ISigVTV77VU1qXoHhO3BH7mwp7N-QPe6iGLtg-O87KEpBeSX7IBVRkoM-YKQmYJg3adoHxYFynwrG_TdeJmHCSzn4dNY2ejJ-WZeBv_UOJG2f9_ppdTbr8ZbP55jMFnO-YafN873_lriew-Yr3WlT_LLVyMoxd5URpsHeoI6z06Z7P8BBecwW30f7nE6K9dM6DtfZw-xlMais7WmZ7Z3KvZ_vyVmfZOfvcwIufdWyTGwgFWoKREhHNv7VB9pk8jjztKdo7Uy2wTz8v_6iYkJdPdPaefgcB06FvZPAj9tX7yHgW-f4VCbBkXo1i47pOTwu0ErsH_jDFEWvaKzOGJq2fJEZp0TQtn1d-vc7uPZbkeCclj_JuBgX3sE-bFriUc_9MR217H7kuvPRYjtd-1oQ-X_5sw1FNzE2Df3XpQ_-e1LS1DHP64SSOhG5n_E6Fqy62v24SxOfPgLpmtRgeGPVdKxgDVvy9Lt83hL24VuIKOVytkk6BlXVTNOGum0ijCysIg1aOrjIoK8C_KbipX-d1MEnLCD0wPOuQdK0g5WbDOU6c2tXyuiTjfFt6xNVTKq448EUWkxnCHLIsM0tZBmWxUNsYoQDBjGxQ0Y0ioJAsmsBDZmMzEYh1xC3LCJJRclucnEfUFLW3R-hGV09NkSqqFsZUJdHQnnnHiMIFQjlak6yDpmIsiJJ2dssZevck8XtYfhP74dIWW8pWJOSsrd63smNJCMR95sylWtxXRfV8O7uilVKk1dFKl0pVGR3RSxqMVCRii0LmiaUmgeGqZuqDUloWOjb6asJ4ZfjV9zpqNImkoT0Q8egzDodA1lO4HK5_AGQwEhn:1wHcSi:1pd_AqHa8encj9M21t0xW0IxSj2-kKe1rX-xFnOC9vk", "expire_date": "2026-05-05T07:02:28.835Z"}}, {"model": "sessions.session", "pk": "1tesu658pf90rix8jy7bomrscyc8izs1", "fields": {"session_data": ".eJydkklv4kAQhf-LzwR573ZugBcMmDVsHo1avRkbjG28Q5T_Ps6IKMo1x3qv6qk-Vb0LFOel8Pr-0ROKlEY4xpSmVVKiosQlLzpHyMTqcUrtTTheHMz7NRBe_3RinlJedL4Qp6coEXoCwyUWXpMqjntCdqEc0ZRxVPM8CiKed43LAN8bydWXuc6N2VI8pCaUqnO7n9ysdk346jGR3alDjmhl1SP3Yczuq1Riqje_kHq8uDBTCRxZ1-upGcL50Fq5Rl46aWZZKaHtYNhIfO6X4x3m_LbPjDeHOZvrpQD2VpNYMneEj54EgCbJoippfVEGmij_7QlqxtrZ_Vj7zQTmXuv8Fm_RuH5YLfwS3PzDQT5jckxTfB614W2vTfJaHdk7pSRWNojI6G00v4a5dz6fwWTRtFHKlzIRG9v2RbRFo9Na80ZIfqlDmpnxfVp50_vD3ri3ZugSB1FzkIvmy8yc7k263s8IHProG0-DsK-qUDUMteODReJ32zhmwUnCxMlv-Q7OAO02oSdtMnev45fIpPlW3G4clthRsBwoarNYeEO6vQB6uMm7wByfxpWVZzSKQO3g8d6T5nZ7urxcZek47M4N8-uuHBwXlasYM0dvULve3ECe1Nt5iFZAR2qiKurDSq92Mam_-XRD68uSYcDuft3ffn3sc1eG-BVH8RcLwlUZoqrgOYpYh6EIPzSC6YUnnwaO40-5_4zr_-952kV_0FU8KSOKyyhNhs-pH1EhLsLPHEhFwBSmiVxk0OBAAyoAPIA61CBhIsRGwLBMNUK6dJnQgOmqYmgBlzUOABY-_gF-YzCx:1w8E3m:jtNl746W591ej9LpC81IDM5Euyl8O-C4kS3IoIsnOtk", "expire_date": "2026-04-09T09:09:54.136Z"}}, {"model": "sessions.session", "pk": "6rf5kjivmmwjfusrfi807e64g89bk8q7", "fields": {"session_data": ".eJxVUEFuhDAM_IvPCBESksCp229UK2RMKGghWZFE2wrx95ItF27WeGY8ng2QyEUbWoxhNDZMhGFytl1MGF3vofna4H-GBp7o_cutPWSAARqmlKgrKXWdi1JxzaoMzILTfFB7tIR2iSE-ovr4TmhOboH9nsH7Vhu9Wdsp2ZZwwTqkh7FpgfOc4PzMmL8559rnt0viz1N1sRrRj4eP0argmhgveqzVIBSXSg8GtWFFieVAyFRXMxpKwYWstOSSNHZcatmxQ5NMvfE-FWN-ntP6C02RwdHE-YLIgHA9Ktn2_Q8UrnFT:1w7XQX:O1FK0TAogb-sLL2QPhpmO-4oZMWN1po1bh2Cxz_nOLI", "expire_date": "2026-04-07T11:38:33.957Z"}}, {"model": "sessions.session", "pk": "gagyo4173cscdx0gfepidcvzndb4xgi3", "fields": {"session_data": "eyJjYXJ0Ijp7fX0:1wHdSw:CfgznYg5JXHJXYDZTvzJjRVkR0RFBLeGPrPKCpnC2H4", "expire_date": "2026-05-05T08:06:46.785Z"}}, {"model": "sessions.session", "pk": "kfe27303qhojrpmopn02dcxkps0sq1sg", "fields": {"session_data": "eyJjYXJ0Ijp7fX0:1w8HUU:MZgsoiOWu-YkbEVHczsnUnCmEV4lnr68tjye16lNsWY", "expire_date": "2026-04-09T12:49:42.995Z"}}, {"model": "sessions.session", "pk": "rqm1vn59j4alj8ezimxku0rjg47o79f6", "fields": {"session_data": ".eJxVjjEOgzAQBP_iGlkYHGNTps8b0N35LpBEWLKhQvw9IFEk7c7uaDc1wLqMw1o4D1NUvTKq-s0Q6M3zCeIL5mfSlOYlT6jPir5o0Y8U-XO_un-CEcp4rJvYBReFhI1IbdDbgEjG1sIuiOeG8WaDA4em9UBioesgeAsNC1uSQ5pyvE6atlIEeVH9tu9fxplA2g:1wI0LU:EjKRdkcPYSinwD4dfvRYKiOIwvOHOHirSMFHMRol374", "expire_date": "2026-05-06T08:32:36.269Z"}}, {"model": "sessions.session", "pk": "xkjgoy8fjd02moc63conr5dg5vtlzzdg", "fields": {"session_data": "eyJjYXJ0Ijp7fX0:1wHdSi:Qo9vZiUXLUGZVagPcOc1_hP7vqLOIcW58tDxmivbIKU", "expire_date": "2026-05-05T08:06:32.654Z"}}, {"model": "sites.site", "pk": 1, "fields": {"domain": "ihub-vfxz.onrender.com", "name": "TechStore KE"}}, {"model": "account.emailaddress", "pk": 1, "fields": {"user": 2, "email": "dancanmutuku7@gmail.com", "verified": true, "primary": true}}, {"model": "account.emailaddress", "pk": 2, "fields": {"user": 3, "email": "mutukudancan6@gmail.com", "verified": true, "primary": true}}, {"model": "socialaccount.socialaccount", "pk": 1, "fields": {"user": 3, "provider": "google", "uid": "112669039658578152073", "last_login": "2026-04-28T12:48:40.104Z", "date_joined": "2026-04-02T09:09:54.045Z", "extra_data": {"iss": "https://accounts.google.com", "azp": "662827445745-on9oj49n51hea7u92vq8f15gq61jqpc6.apps.googleusercontent.com", "aud": "662827445745-on9oj49n51hea7u92vq8f15gq61jqpc6.apps.googleusercontent.com", "sub": "112669039658578152073", "email": "mutukudancan6@gmail.com", "email_verified": true, "at_hash": "pqrcGlY4D20JA1F__RSNYw", "name": "Dancan mutuku", "picture": "https://lh3.googleusercontent.com/a/ACg8ocI9Pq2x6GyuZIaV65rLgritja9sGC1Wn0HZoaIGGfdV2HVONCeZeQ=s96-c", "given_name": "Dancan", "family_name": "mutuku", "iat": 1777380519, "exp": 1777384119}}}, {"model": "store.category", "pk": 1, "fields": {"name": "Graphics Cards", "slug": "graphics-cards", "description": "Powerful GPUs for gaming and content creation", "image_url": "https://images.unsplash.com/photo-1591405351990-4726e331f141?w=400&q=75", "icon": "bi-gpu-card", "order": 1}}, {"model": "store.category", "pk": 2, "fields": {"name": "RAM / Memory", "slug": "ram-memory", "description": "DDR4 & DDR5 memory modules for every build", "image_url": "https://images.unsplash.com/photo-1562976540-1502c2145871?w=400&q=75", "icon": "bi-memory", "order": 2}}, {"model": "store.category", "pk": 3, "fields": {"name": "Processors", "slug": "processors", "description": "Intel and AMD CPUs for desktop and workstation builds", "image_url": "https://images.unsplash.com/photo-1555617766-9d6e4b2e8b37?w=400&q=75", "icon": "bi-cpu", "order": 3}}, {"model": "store.category", "pk": 4, "fields": {"name": "Storage", "slug": "storage", "description": "SSDs and HDDs for blazing-fast storage solutions", "image_url": "https://images.unsplash.com/photo-1597138816681-45ea4e63a7e8?w=400&q=75", "icon": "bi-device-hdd", "order": 4}}, {"model": "store.category", "pk": 5, "fields": {"name": "Monitors", "slug": "monitors", "description": "High-refresh gaming and professional displays", "image_url": "https://images.unsplash.com/photo-1527443224154-c4a3942d3acf?w=400&q=75", "icon": "bi-display", "order": 5}}, {"model": "store.category", "pk": 6, "fields": {"name": "Laptops", "slug": "laptops", "description": "Performance laptops for work, gaming, and creativity", "image_url": "https://images.unsplash.com/photo-1496181133206-80ce9b88a853?w=400&q=75", "icon": "bi-laptop", "order": 6}}, {"model": "store.category", "pk": 7, "fields": {"name": "Keyboards & Mice", "slug": "keyboards-mice", "description": "Mechanical keyboards and precision gaming mice", "image_url": "https://images.unsplash.com/photo-1587829741301-dc798b83add3?w=400&q=75", "icon": "bi-keyboard", "order": 7}}, {"model": "store.category", "pk": 8, "fields": {"name": "Power Supplies", "slug": "power-supplies", "description": "Reliable 80+ certified PSUs for stable builds", "image_url": "https://images.unsplash.com/photo-1518770660439-4636190af475?w=400&q=75", "icon": "bi-plug", "order": 8}}, {"model": "store.product", "pk": 1, "fields": {"category": 1, "name": "NVIDIA GeForce RTX 4070 Ti 12GB", "slug": "rtx-4070-ti", "description": "The RTX 4070 Ti delivers exceptional 4K gaming performance with DLSS 3 and ray tracing. Perfect for AAA gaming and 3D rendering workloads.", "price": "95000.00", "original_price": "110000.00", "image_url": "https://images.unsplash.com/photo-1591405351990-4726e331f141?w=600&q=80", "stock": 5, "available": true, "featured": true, "new_arrival": false, "brand": "NVIDIA", "specs": {"VRAM": "12GB GDDR6X", "Memory Bus": "192-bit", "TDP": "285W", "Interface": "PCIe 4.0 x16", "Boost Clock": "2310 MHz"}, "created": "2026-03-30T12:10:00Z", "updated": "2026-03-30T12:10:00Z"}}, {"model": "store.product", "pk": 2, "fields": {"category": 1, "name": "AMD Radeon RX 7800 XT 16GB", "slug": "rx-7800-xt", "description": "AMD RDNA 3 architecture with 16GB GDDR6 memory, ideal for 1440p gaming at ultra settings.", "price": "72000.00", "original_price": null, "image_url": "https://images.unsplash.com/photo-1587202372775-e229f172b9d7?w=600&q=80", "stock": 8, "available": true, "featured": true, "new_arrival": true, "brand": "AMD", "specs": {"VRAM": "16GB GDDR6", "Memory Bus": "256-bit", "TDP": "263W", "Interface": "PCIe 4.0 x16", "Boost Clock": "2430 MHz"}, "created": "2026-03-30T12:15:00Z", "updated": "2026-03-30T12:15:00Z"}}, {"model": "store.product", "pk": 3, "fields": {"category": 1, "name": "NVIDIA GeForce RTX 4060 8GB", "slug": "rtx-4060", "description": "The RTX 4060 brings Ada Lovelace efficiency to the mainstream. Great for 1080p and 1440p gaming with DLSS 3 Frame Generation support.", "price": "52000.00", "original_price": "58000.00", "image_url": "https://images.unsplash.com/photo-1555617766-9d6e4b2e8b37?w=600&q=80", "stock": 12, "available": true, "featured": false, "new_arrival": false, "brand": "NVIDIA", "specs": {"VRAM": "8GB GDDR6", "Memory Bus": "128-bit", "TDP": "115W", "Interface": "PCIe 4.0 x16", "Boost Clock": "2460 MHz"}, "created": "2026-03-30T12:20:00Z", "updated": "2026-03-30T12:20:00Z"}}, {"model": "store.product", "pk": 4, "fields": {"category": 1, "name": "AMD Radeon RX 6600 XT 8GB", "slug": "rx-6600-xt", "description": "Excellent 1080p gaming GPU with 8GB GDDR6 memory. Power-efficient RDNA 2 architecture offering great performance per watt.", "price": "38500.00", "original_price": null, "image_url": "https://images.unsplash.com/photo-1621259182978-fbf93132d53d?w=600&q=80", "stock": 6, "available": true, "featured": false, "new_arrival": false, "brand": "AMD", "specs": {"VRAM": "8GB GDDR6", "Memory Bus": "128-bit", "TDP": "160W", "Interface": "PCIe 4.0 x16", "Boost Clock": "2589 MHz"}, "created": "2026-03-30T12:25:00Z", "updated": "2026-03-30T12:25:00Z"}}, {"model": "store.product", "pk": 5, "fields": {"category": 2, "name": "Corsair Vengeance DDR5 32GB (2×16GB) 6000MHz", "slug": "corsair-vengeance-ddr5-32gb", "description": "High-performance DDR5 kit tuned for Intel 12th/13th Gen and AMD AM5 platforms. Aggressive XMP 3.0 profile at 6000MHz CL36.", "price": "19500.00", "original_price": "23000.00", "image_url": "https://images.unsplash.com/photo-1562976540-1502c2145871?w=600&q=80", "stock": 15, "available": true, "featured": true, "new_arrival": false, "brand": "Corsair", "specs": {"Capacity": "32GB (2×16GB)", "Type": "DDR5", "Speed": "6000MHz", "Latency": "CL36", "Voltage": "1.35V"}, "created": "2026-03-30T12:30:00Z", "updated": "2026-03-30T12:30:00Z"}}, {"model": "store.product", "pk": 6, "fields": {"category": 2, "name": "Kingston Fury Beast DDR4 16GB (2×8GB) 3200MHz", "slug": "kingston-fury-beast-ddr4-16gb", "description": "Reliable DDR4 kit compatible with all major Intel and AMD DDR4 platforms. Low-profile design fits under most CPU coolers.", "price": "7800.00", "original_price": null, "image_url": "https://images.unsplash.com/photo-1562976540-1502c2145871?w=600&q=80", "stock": 25, "available": true, "featured": false, "new_arrival": false, "brand": "Kingston", "specs": {"Capacity": "16GB (2×8GB)", "Type": "DDR4", "Speed": "3200MHz", "Latency": "CL16", "Voltage": "1.35V"}, "created": "2026-03-30T12:35:00Z", "updated": "2026-03-30T12:35:00Z"}}, {"model": "store.product", "pk": 7, "fields": {"category": 2, "name": "G.Skill Trident Z5 DDR5 64GB (2×32GB) 5600MHz", "slug": "gskill-trident-z5-ddr5-64gb", "description": "Flagship 64GB DDR5 kit for content creators, video editors, and power users who demand maximum memory bandwidth.", "price": "38000.00", "original_price": "42000.00", "image_url": "https://images.unsplash.com/photo-1562976540-1502c2145871?w=600&q=80", "stock": 4, "available": true, "featured": false, "new_arrival": true, "brand": "G.Skill", "specs": {"Capacity": "64GB (2×32GB)", "Type": "DDR5", "Speed": "5600MHz", "Latency": "CL28", "Voltage": "1.25V"}, "created": "2026-03-30T12:40:00Z", "updated": "2026-03-30T12:40:00Z"}}, {"model": "store.product", "pk": 8, "fields": {"category": 3, "name": "Intel Core i9-13900K", "slug": "intel-core-i9-13900k", "description": "Intel's flagship 13th Gen Raptor Lake processor with 24 cores (8P+16E). Dominates single-threaded and multi-threaded workloads for gaming and productivity.", "price": "63000.00", "original_price": "70000.00", "image_url": "https://images.unsplash.com/photo-1555617766-9d6e4b2e8b37?w=600&q=80", "stock": 7, "available": true, "featured": true, "new_arrival": false, "brand": "Intel", "specs": {"Cores": "24 (8P + 16E)", "Threads": "32", "Base Clock": "3.0 GHz", "Boost Clock": "5.8 GHz", "TDP": "125W", "Socket": "LGA1700", "Cache": "36MB L3"}, "created": "2026-03-30T12:45:00Z", "updated": "2026-03-30T12:45:00Z"}}, {"model": "store.product", "pk": 9, "fields": {"category": 3, "name": "AMD Ryzen 9 7900X", "slug": "amd-ryzen-9-7900x", "description": "12-core Zen 4 processor on the AM5 platform with PCIe 5.0 and DDR5 support. Exceptional performance for gaming and multi-threaded work.", "price": "57000.00", "original_price": null, "image_url": "https://images.unsplash.com/photo-1555617766-9d6e4b2e8b37?w=600&q=80", "stock": 5, "available": true, "featured": false, "new_arrival": false, "brand": "AMD", "specs": {"Cores": "12", "Threads": "24", "Base Clock": "4.7 GHz", "Boost Clock": "5.6 GHz", "TDP": "170W", "Socket": "AM5", "Cache": "64MB L3"}, "created": "2026-03-30T12:50:00Z", "updated": "2026-03-30T12:50:00Z"}}, {"model": "store.product", "pk": 10, "fields": {"category": 3, "name": "Intel Core i5-13600K", "slug": "intel-core-i5-13600k", "description": "The sweet-spot 13th Gen processor with 14 cores. Delivers excellent 1080p/1440p gaming performance at a competitive price point.", "price": "34000.00", "original_price": "38000.00", "image_url": "https://images.unsplash.com/photo-1555617766-9d6e4b2e8b37?w=600&q=80", "stock": 18, "available": true, "featured": true, "new_arrival": false, "brand": "Intel", "specs": {"Cores": "14 (6P + 8E)", "Threads": "20", "Base Clock": "3.5 GHz", "Boost Clock": "5.1 GHz", "TDP": "125W", "Socket": "LGA1700", "Cache": "24MB L3"}, "created": "2026-03-30T12:55:00Z", "updated": "2026-03-30T12:55:00Z"}}, {"model": "store.product", "pk": 11, "fields": {"category": 4, "name": "Samsung 990 Pro NVMe SSD 2TB", "slug": "samsung-990-pro-2tb", "description": "PCIe 4.0 NVMe SSD with sequential read speeds up to 7450 MB/s. Ideal for gaming, creative workflows, and fast OS drives.", "price": "22000.00", "original_price": "26000.00", "image_url": "https://images.unsplash.com/photo-1597138816681-45ea4e63a7e8?w=600&q=80", "stock": 20, "available": true, "featured": true, "new_arrival": false, "brand": "Samsung", "specs": {"Capacity": "2TB", "Interface": "PCIe 4.0 NVMe M.2", "Seq. Read": "7450 MB/s", "Seq. Write": "6900 MB/s", "Form Factor": "M.2 2280", "Endurance": "1200 TBW"}, "created": "2026-03-31T08:00:00Z", "updated": "2026-03-31T08:00:00Z"}}, {"model": "store.product", "pk": 12, "fields": {"category": 4, "name": "WD Blue SN580 NVMe SSD 1TB", "slug": "wd-blue-sn580-1tb", "description": "Budget-friendly PCIe 4.0 NVMe SSD offering a massive upgrade over SATA drives. Great for system drives and game storage.", "price": "9500.00", "original_price": null, "image_url": "https://images.unsplash.com/photo-1597138816681-45ea4e63a7e8?w=600&q=80", "stock": 30, "available": true, "featured": false, "new_arrival": false, "brand": "Western Digital", "specs": {"Capacity": "1TB", "Interface": "PCIe 4.0 NVMe M.2", "Seq. Read": "4150 MB/s", "Seq. Write": "4150 MB/s", "Form Factor": "M.2 2280", "Endurance": "600 TBW"}, "created": "2026-03-31T08:05:00Z", "updated": "2026-03-31T08:05:00Z"}}, {"model": "store.product", "pk": 13, "fields": {"category": 4, "name": "Seagate Barracuda HDD 4TB", "slug": "seagate-barracuda-4tb", "description": "Reliable 3.5-inch hard drive for mass storage. Perfect for backups, media libraries, and secondary storage in desktop builds.", "price": "8200.00", "original_price": "9000.00", "image_url": "https://images.unsplash.com/photo-1597138816681-45ea4e63a7e8?w=600&q=80", "stock": 22, "available": true, "featured": false, "new_arrival": false, "brand": "Seagate", "specs": {"Capacity": "4TB", "Interface": "SATA 6Gb/s", "RPM": "5400 RPM", "Cache": "256MB", "Form Factor": "3.5-inch"}, "created": "2026-03-31T08:10:00Z", "updated": "2026-03-31T08:10:00Z"}}, {"model": "store.product", "pk": 14, "fields": {"category": 5, "name": "LG UltraGear 27GP850-B 27\" 1440p 165Hz", "slug": "lg-ultragear-27gp850", "description": "27-inch QHD IPS gaming monitor with 165Hz refresh rate and 1ms GtG response time. NVIDIA G-Sync Compatible and AMD FreeSync Premium.", "price": "42000.00", "original_price": "48000.00", "image_url": "https://images.unsplash.com/photo-1527443224154-c4a3942d3acf?w=600&q=80", "stock": 6, "available": true, "featured": true, "new_arrival": false, "brand": "LG", "specs": {"Size": "27 inches", "Resolution": "2560×1440 (QHD)", "Panel": "IPS", "Refresh Rate": "165Hz", "Response Time": "1ms GtG", "HDR": "HDR10", "Ports": "1× HDMI 2.0, 2× DisplayPort 1.4"}, "created": "2026-03-31T08:15:00Z", "updated": "2026-03-31T08:15:00Z"}}, {"model": "store.product", "pk": 15, "fields": {"category": 5, "name": "Samsung Odyssey G5 32\" 1440p 165Hz", "slug": "samsung-odyssey-g5-32", "description": "32-inch curved WQHD display with a 1000R curvature for immersive gaming. FreeSync Premium and excellent color accuracy straight out of the box.", "price": "49500.00", "original_price": null, "image_url": "https://images.unsplash.com/photo-1527443224154-c4a3942d3acf?w=600&q=80", "stock": 4, "available": true, "featured": false, "new_arrival": true, "brand": "Samsung", "specs": {"Size": "32 inches", "Resolution": "2560×1440 (QHD)", "Panel": "VA Curved (1000R)", "Refresh Rate": "165Hz", "Response Time": "1ms", "HDR": "HDR10", "Ports": "1× HDMI 2.0, 1× DisplayPort 1.2"}, "created": "2026-03-31T08:20:00Z", "updated": "2026-03-31T08:20:00Z"}}, {"model": "store.product", "pk": 16, "fields": {"category": 5, "name": "AOC 24G2SP 24\" FHD 165Hz IPS", "slug": "aoc-24g2sp", "description": "Budget 24-inch Full HD IPS gaming monitor with a silky-smooth 165Hz refresh rate. A fantastic entry point for competitive gaming.", "price": "21000.00", "original_price": "24000.00", "image_url": "https://images.unsplash.com/photo-1527443224154-c4a3942d3acf?w=600&q=80", "stock": 14, "available": true, "featured": false, "new_arrival": false, "brand": "AOC", "specs": {"Size": "24 inches", "Resolution": "1920×1080 (FHD)", "Panel": "IPS", "Refresh Rate": "165Hz", "Response Time": "1ms GtG", "Ports": "1× HDMI 2.0, 1× DisplayPort 1.2, 1× VGA"}, "created": "2026-03-31T08:25:00Z", "updated": "2026-03-31T08:25:00Z"}}, {"model": "store.product", "pk": 17, "fields": {"category": 6, "name": "ASUS ROG Zephyrus G14 (2024) RTX 4060", "slug": "asus-rog-zephyrus-g14-2024", "description": "14-inch gaming powerhouse with AMD Ryzen 9 8945HS and RTX 4060. Compact build, stunning OLED display, and all-day battery life.", "price": "195000.00", "original_price": "215000.00", "image_url": "https://images.unsplash.com/photo-1496181133206-80ce9b88a853?w=600&q=80", "stock": 3, "available": true, "featured": true, "new_arrival": true, "brand": "ASUS", "specs": {"CPU": "AMD Ryzen 9 8945HS", "GPU": "NVIDIA RTX 4060 8GB", "RAM": "16GB DDR5", "Storage": "1TB NVMe SSD", "Display": "14\" OLED 2880×1800 120Hz", "Battery": "73Wh"}, "created": "2026-03-31T08:30:00Z", "updated": "2026-03-31T08:30:00Z"}}, {"model": "store.product", "pk": 18, "fields": {"category": 6, "name": "Lenovo ThinkPad X1 Carbon Gen 12", "slug": "lenovo-thinkpad-x1-carbon-gen12", "description": "Ultra-lightweight business laptop at 1.12kg with a 14-inch IPS display. Intel Core Ultra 7 processor and all-day battery make it the ultimate professional tool.", "price": "220000.00", "original_price": null, "image_url": "https://images.unsplash.com/photo-1496181133206-80ce9b88a853?w=600&q=80", "stock": 2, "available": true, "featured": false, "new_arrival": true, "brand": "Lenovo", "specs": {"CPU": "Intel Core Ultra 7 165U", "RAM": "32GB LPDDR5", "Storage": "1TB NVMe SSD", "Display": "14\" IPS 1920×1200", "Weight": "1.12kg", "Battery": "57Wh"}, "created": "2026-03-31T08:35:00Z", "updated": "2026-03-31T08:35:00Z"}}, {"model": "store.product", "pk": 19, "fields": {"category": 6, "name": "HP Victus 15 RTX 4050 Gaming Laptop", "slug": "hp-victus-15-rtx-4050", "description": "Affordable 15.6-inch gaming laptop with RTX 4050 GPU. A solid entry-level option for 1080p gaming without breaking the bank.", "price": "115000.00", "original_price": "128000.00", "image_url": "https://images.unsplash.com/photo-1496181133206-80ce9b88a853?w=600&q=80", "stock": 7, "available": true, "featured": false, "new_arrival": false, "brand": "HP", "specs": {"CPU": "Intel Core i5-13500H", "GPU": "NVIDIA RTX 4050 6GB", "RAM": "16GB DDR5", "Storage": "512GB NVMe SSD", "Display": "15.6\" FHD 144Hz IPS", "Battery": "70.9Wh"}, "created": "2026-03-31T08:40:00Z", "updated": "2026-03-31T08:40:00Z"}}, {"model": "store.product", "pk": 20, "fields": {"category": 6, "name": "Apple MacBook Air M3 15\"", "slug": "macbook-air-m3-15", "description": "The fanless MacBook Air M3 with a stunning 15.3-inch Liquid Retina display. Exceptional performance and up to 18-hour battery life in a thin aluminum chassis.", "price": "235000.00", "original_price": null, "image_url": "https://images.unsplash.com/photo-1496181133206-80ce9b88a853?w=600&q=80", "stock": 5, "available": true, "featured": true, "new_arrival": false, "brand": "Apple", "specs": {"Chip": "Apple M3", "CPU": "8-core", "GPU": "10-core", "RAM": "16GB Unified Memory", "Storage": "512GB SSD", "Display": "15.3\" Liquid Retina 2880×1864", "Battery": "Up to 18 hours"}, "created": "2026-03-31T08:45:00Z", "updated": "2026-03-31T08:45:00Z"}}, {"model": "store.product", "pk": 21, "fields": {"category": 6, "name": "Dell XPS 15 (9530) Intel Core i7", "slug": "dell-xps-15-9530", "description": "Premium 15.6-inch creator laptop with an OLED touch display and NVIDIA RTX 4060. Built for developers, designers, and content creators.", "price": "250000.00", "original_price": "275000.00", "image_url": "https://images.unsplash.com/photo-1496181133206-80ce9b88a853?w=600&q=80", "stock": 2, "available": true, "featured": false, "new_arrival": false, "brand": "Dell", "specs": {"CPU": "Intel Core i7-13700H", "GPU": "NVIDIA RTX 4060 8GB", "RAM": "32GB DDR5", "Storage": "1TB NVMe SSD", "Display": "15.6\" OLED Touch 3456×2160", "Battery": "86Wh"}, "created": "2026-03-31T08:50:00Z", "updated": "2026-03-31T08:50:00Z"}}, {"model": "store.product", "pk": 22, "fields": {"category": 7, "name": "Logitech G Pro X TKL Mechanical Keyboard", "slug": "logitech-g-pro-x-tkl", "description": "Tournament-grade tenkeyless keyboard with swappable GX switches and per-key RGB. Designed in collaboration with esports professionals.", "price": "16500.00", "original_price": "19000.00", "image_url": "https://images.unsplash.com/photo-1587829741301-dc798b83add3?w=600&q=80", "stock": 10, "available": true, "featured": false, "new_arrival": false, "brand": "Logitech", "specs": {"Form Factor": "TKL (87-key)", "Switches": "GX Blue (Clicky) — swappable", "Lighting": "Per-key LIGHTSYNC RGB", "Connection": "Wired USB", "Anti-ghosting": "Full N-Key Rollover"}, "created": "2026-03-31T09:00:00Z", "updated": "2026-03-31T09:00:00Z"}}, {"model": "store.product", "pk": 23, "fields": {"category": 7, "name": "Razer DeathAdder V3 HyperSpeed", "slug": "razer-deathadder-v3-hyperspeed", "description": "Iconic ergonomic gaming mouse redesigned with HyperSpeed wireless technology at up to 8000Hz polling. Ultra-lightweight at just 63g.", "price": "9800.00", "original_price": null, "image_url": "https://images.unsplash.com/photo-1527864550417-7fd91fc51a46?w=600&q=80", "stock": 18, "available": true, "featured": false, "new_arrival": true, "brand": "Razer", "specs": {"Sensor": "Razer Focus Pro 30K Optical", "DPI": "100–30,000 DPI", "Polling Rate": "Up to 8000Hz", "Buttons": "6", "Weight": "63g", "Battery": "Up to 300 hours"}, "created": "2026-03-31T09:05:00Z", "updated": "2026-03-31T09:05:00Z"}}, {"model": "store.product", "pk": 24, "fields": {"category": 8, "name": "Corsair RM850x 850W 80+ Gold Modular PSU", "slug": "corsair-rm850x-850w", "description": "Fully modular 850W PSU with 80+ Gold certification and near-silent Zero RPM fan mode. A rock-solid foundation for high-end PC builds.", "price": "1.00", "original_price": "21000.00", "image_url": "https://images.unsplash.com/photo-1518770660439-4636190af475?w=600&q=80", "stock": 9, "available": true, "featured": false, "new_arrival": false, "brand": "Corsair", "specs": {"Wattage": "850W", "Efficiency": "80+ Gold", "Modularity": "Fully Modular", "Fan Size": "135mm", "ATX12V": "2.52", "Warranty": "10 years"}, "created": "2026-03-31T09:10:00Z", "updated": "2026-04-28T13:37:12.277Z"}}, {"model": "store.product", "pk": 25, "fields": {"category": 8, "name": "Seasonic Focus GX-650 650W 80+ Gold", "slug": "seasonic-focus-gx-650", "description": "Premium 650W fully modular PSU from Seasonic with 80+ Gold certification. Built for mid-range to high-end builds with ultra-quiet operation.", "price": "13500.00", "original_price": null, "image_url": "https://images.unsplash.com/photo-1518770660439-4636190af475?w=600&q=80", "stock": 11, "available": true, "featured": false, "new_arrival": false, "brand": "Seasonic", "specs": {"Wattage": "650W", "Efficiency": "80+ Gold", "Modularity": "Fully Modular", "Fan Size": "120mm", "ATX12V": "2.52", "Warranty": "10 years"}, "created": "2026-03-31T09:15:00Z", "updated": "2026-03-31T09:15:00Z"}}, {"model": "store.review", "pk": 1, "fields": {"product": 19, "user": 2, "rating": 5, "comment": "hy"}}, {"model": "orders.order", "pk": 1, "fields": {"user": 2, "first_name": "Dancan", "last_name": "Mutuku", "email": "dancanmutuku7@gmail.com", "phone": "0726263888", "address": "166", "city": "matuu", "county": "Machakos", "postal_code": "", "status": "pending", "paid": false, "payment_method": "mpesa", "mpesa_code": "", "notes": "", "created": "2026-03-31T08:55:06.004Z", "updated": "2026-03-31T08:55:06.004Z"}}, {"model": "orders.order", "pk": 2, "fields": {"user": 2, "first_name": "Dancan", "last_name": "Mutuku", "email": "dancanmutuku7@gmail.com", "phone": "0726263888", "address": "166", "city": "matuu", "county": "Machakos", "postal_code": "", "status": "processing", "paid": true, "payment_method": "mpesa", "mpesa_code": "", "notes": "", "created": "2026-03-31T09:05:03.637Z", "updated": "2026-03-31T09:52:14.437Z"}}, {"model": "orders.order", "pk": 3, "fields": {"user": 2, "first_name": "Dancan", "last_name": "Mutuku", "email": "dancanmutuku7@gmail.com", "phone": "0726263888", "address": "166", "city": "matuu", "county": "Machakos", "postal_code": "", "status": "pending", "paid": false, "payment_method": "mpesa", "mpesa_code": "", "notes": "", "created": "2026-03-31T11:25:41.542Z", "updated": "2026-03-31T11:25:41.542Z"}}, {"model": "orders.order", "pk": 4, "fields": {"user": 2, "first_name": "Dancan", "last_name": "Mutuku", "email": "dancanmutuku7@gmail.com", "phone": "0726263888", "address": "166", "city": "matuu", "county": "Machakos", "postal_code": "", "status": "pending", "paid": false, "payment_method": "mpesa", "mpesa_code": "", "notes": "", "created": "2026-03-31T11:31:40.719Z", "updated": "2026-03-31T11:31:40.719Z"}}, {"model": "orders.order", "pk": 5, "fields": {"user": 3, "first_name": "Dancan", "last_name": "mutuku", "email": "mutukudancan6@gmail.com", "phone": "0726263888", "address": "166", "city": "matuu", "county": "Mombasa", "postal_code": "", "status": "pending", "paid": false, "payment_method": "mpesa", "mpesa_code": "", "notes": "", "created": "2026-04-23T11:16:19.006Z", "updated": "2026-04-23T11:16:19.006Z"}}, {"model": "orders.order", "pk": 6, "fields": {"user": 3, "first_name": "Dancan", "last_name": "mutuku", "email": "mutukudancan6@gmail.com", "phone": "0726263888", "address": "166", "city": "matuu", "county": "Mombasa", "postal_code": "00100", "status": "pending", "paid": false, "payment_method": "mpesa", "mpesa_code": "", "notes": "", "created": "2026-04-28T05:50:23.781Z", "updated": "2026-04-28T05:50:23.781Z"}}, {"model": "orders.order", "pk": 7, "fields": {"user": 3, "first_name": "Dancan", "last_name": "mutuku", "email": "mutukudancan6@gmail.com", "phone": "0726263888", "address": "45473", "city": "Nairobi", "county": "Nakuru", "postal_code": "00100", "status": "pending", "paid": false, "payment_method": "mpesa", "mpesa_code": "", "notes": "", "created": "2026-04-28T05:52:03.613Z", "updated": "2026-04-28T05:52:03.613Z"}}, {"model": "orders.order", "pk": 8, "fields": {"user": 3, "first_name": "Dancan", "last_name": "mutuku", "email": "mutukudancan6@gmail.com", "phone": "0726263888", "address": "166", "city": "matuu", "county": "Mombasa", "postal_code": "00100", "status": "pending", "paid": false, "payment_method": "mpesa", "mpesa_code": "", "notes": "", "created": "2026-04-28T06:20:46.888Z", "updated": "2026-04-28T06:20:46.888Z"}}, {"model": "orders.order", "pk": 9, "fields": {"user": 1, "first_name": "Mutuku", "last_name": "Dancan", "email": "dancanmutuku7@gmail.com", "phone": "0726263888", "address": "45473", "city": "Nairobi", "county": "Kisumu", "postal_code": "00100", "status": "delivered", "paid": true, "payment_method": "mpesa", "mpesa_code": "", "notes": "", "created": "2026-04-28T08:29:35.692Z", "updated": "2026-04-28T08:39:36.427Z"}}, {"model": "orders.order", "pk": 10, "fields": {"user": 3, "first_name": "Dancan", "last_name": "mutuku", "email": "mutukudancan6@gmail.com", "phone": "0726263888", "address": "45473", "city": "Nairobi", "county": "Nairobi", "postal_code": "00100", "status": "pending", "paid": false, "payment_method": "mpesa", "mpesa_code": "", "notes": "", "created": "2026-04-28T12:49:46.954Z", "updated": "2026-04-28T12:49:46.954Z"}}, {"model": "orders.order", "pk": 11, "fields": {"user": 1, "first_name": "Mutuku", "last_name": "Dancan", "email": "dancanmutuku7@gmail.com", "phone": "0726263888", "address": "45473", "city": "Nairobi", "county": "Murang'a", "postal_code": "00100", "status": "processing", "paid": true, "payment_method": "mpesa", "mpesa_code": "UDSFO2G9VU", "notes": "", "created": "2026-04-28T13:37:50.715Z", "updated": "2026-04-28T13:39:03.586Z"}}, {"model": "orders.order", "pk": 12, "fields": {"user": 1, "first_name": "Mutuku", "last_name": "Dancan", "email": "dancanmutuku7@gmail.com", "phone": "0726263888", "address": "45473", "city": "Nairobi", "county": "Nairobi", "postal_code": "00100", "status": "pending", "paid": false, "payment_method": "mpesa", "mpesa_code": "", "notes": "", "created": "2026-04-28T13:40:05.551Z", "updated": "2026-04-28T13:40:05.551Z"}}, {"model": "orders.order", "pk": 13, "fields": {"user": 1, "first_name": "Mutuku", "last_name": "Dancan", "email": "dancanmutuku7@gmail.com", "phone": "0726263888", "address": "45473", "city": "Nairobi", "county": "Laikipia", "postal_code": "00100", "status": "processing", "paid": true, "payment_method": "mpesa", "mpesa_code": "UDTFO2J3TJ", "notes": "", "created": "2026-04-29T08:24:21.877Z", "updated": "2026-04-29T08:24:50.540Z"}}, {"model": "orders.orderitem", "pk": 1, "fields": {"order": 1, "product": 1, "product_name": "NVIDIA GeForce RTX 4070 Ti 12GB", "price": "95000.00", "quantity": 1}}, {"model": "orders.orderitem", "pk": 2, "fields": {"order": 2, "product": 2, "product_name": "AMD Radeon RX 7800 XT 16GB", "price": "72000.00", "quantity": 1}}, {"model": "orders.orderitem", "pk": 3, "fields": {"order": 3, "product": 20, "product_name": "Apple MacBook Air M3 15\"", "price": "235000.00", "quantity": 1}}, {"model": "orders.orderitem", "pk": 4, "fields": {"order": 4, "product": 17, "product_name": "ASUS ROG Zephyrus G14 (2024) RTX 4060", "price": "195000.00", "quantity": 1}}, {"model": "orders.orderitem", "pk": 5, "fields": {"order": 5, "product": 20, "product_name": "Apple MacBook Air M3 15\"", "price": "235000.00", "quantity": 1}}, {"model": "orders.orderitem", "pk": 6, "fields": {"order": 6, "product": 17, "product_name": "ASUS ROG Zephyrus G14 (2024) RTX 4060", "price": "195000.00", "quantity": 1}}, {"model": "orders.orderitem", "pk": 7, "fields": {"order": 7, "product": 17, "product_name": "ASUS ROG Zephyrus G14 (2024) RTX 4060", "price": "195000.00", "quantity": 1}}, {"model": "orders.orderitem", "pk": 8, "fields": {"order": 8, "product": 20, "product_name": "Apple MacBook Air M3 15\"", "price": "235000.00", "quantity": 1}}, {"model": "orders.orderitem", "pk": 9, "fields": {"order": 9, "product": 23, "product_name": "Razer DeathAdder V3 HyperSpeed", "price": "9800.00", "quantity": 1}}, {"model": "orders.orderitem", "pk": 10, "fields": {"order": 10, "product": 23, "product_name": "Razer DeathAdder V3 HyperSpeed", "price": "9800.00", "quantity": 1}}, {"model": "orders.orderitem", "pk": 11, "fields": {"order": 10, "product": 20, "product_name": "Apple MacBook Air M3 15\"", "price": "235000.00", "quantity": 1}}, {"model": "orders.orderitem", "pk": 12, "fields": {"order": 11, "product": 24, "product_name": "Corsair RM850x 850W 80+ Gold Modular PSU", "price": "1.00", "quantity": 1}}, {"model": "orders.orderitem", "pk": 13, "fields": {"order": 12, "product": 24, "product_name": "Corsair RM850x 850W 80+ Gold Modular PSU", "price": "1.00", "quantity": 1}}, {"model": "orders.orderitem", "pk": 14, "fields": {"order": 13, "product": 24, "product_name": "Corsair RM850x 850W 80+ Gold Modular PSU", "price": "1.00", "quantity": 1}}, {"model": "payments.payment", "pk": 1, "fields": {"order": 2, "checkout_request_id": "1", "merchant_request_id": "1", "mpesa_receipt_number": "TYTU9990976", "phone_number": "726263888", "amount": "72000.00", "status": "completed", "raw_callback": null, "created": "2026-03-31T09:50:49.261Z", "updated": "2026-03-31T09:50:49.261Z"}}, {"model": "payments.payment", "pk": 2, "fields": {"order": 8, "checkout_request_id": "ws_CO_28042026092413856708374149", "merchant_request_id": "1d49-457d-ad21-0a46b8fad36938665", "mpesa_receipt_number": "", "phone_number": "0708374149", "amount": "235000.00", "status": "failed", "raw_callback": {"Body": {"stkCallback": {"MerchantRequestID": "1d49-457d-ad21-0a46b8fad36938665", "CheckoutRequestID": "ws_CO_28042026092413856708374149", "ResultCode": 1037, "ResultDesc": "No response from user."}}}, "created": "2026-04-28T06:24:14.249Z", "updated": "2026-04-28T06:24:40.363Z"}}, {"model": "payments.payment", "pk": 3, "fields": {"order": 7, "checkout_request_id": "ws_CO_28042026110712860708374149", "merchant_request_id": "a067-4896-b5ab-937fa13e266711258", "mpesa_receipt_number": "", "phone_number": "0708374149", "amount": "195000.00", "status": "failed", "raw_callback": {"Body": {"stkCallback": {"MerchantRequestID": "a067-4896-b5ab-937fa13e266711258", "CheckoutRequestID": "ws_CO_28042026110712860708374149", "ResultCode": 1037, "ResultDesc": "No response from user."}}}, "created": "2026-04-28T08:07:13.227Z", "updated": "2026-04-28T08:07:39.391Z"}}, {"model": "payments.payment", "pk": 4, "fields": {"order": 9, "checkout_request_id": "ws_CO_28042026113052406708374149", "merchant_request_id": "1d49-457d-ad21-0a46b8fad36948013", "mpesa_receipt_number": "UJHGRRYETY", "phone_number": "0708374149", "amount": "9800.00", "status": "completed", "raw_callback": {"Body": {"stkCallback": {"MerchantRequestID": "1d49-457d-ad21-0a46b8fad36948013", "CheckoutRequestID": "ws_CO_28042026113052406708374149", "ResultCode": 1037, "ResultDesc": "DS timeout user cannot be reached."}}}, "created": "2026-04-28T08:30:52.797Z", "updated": "2026-04-28T08:40:17.702Z"}}, {"model": "payments.payment", "pk": 5, "fields": {"order": 10, "checkout_request_id": "ws_CO_28042026154957149726263888", "merchant_request_id": "1d49-457d-ad21-0a46b8fad36965388", "mpesa_receipt_number": "", "phone_number": "0726263888", "amount": "244800.00", "status": "failed", "raw_callback": {"Body": {"stkCallback": {"MerchantRequestID": "1d49-457d-ad21-0a46b8fad36965388", "CheckoutRequestID": "ws_CO_28042026154957149726263888", "ResultCode": 1032, "ResultDesc": "Request Cancelled by user."}}}, "created": "2026-04-28T12:49:57.590Z", "updated": "2026-04-28T12:50:12.858Z"}}, {"model": "payments.payment", "pk": 6, "fields": {"order": 11, "checkout_request_id": "ws_CO_28042026163852567726263888", "merchant_request_id": "1d49-457d-ad21-0a46b8fad36968365", "mpesa_receipt_number": "UDSFO2G9VU", "phone_number": "0726263888", "amount": "1.00", "status": "completed", "raw_callback": {"Body": {"stkCallback": {"MerchantRequestID": "1d49-457d-ad21-0a46b8fad36968365", "CheckoutRequestID": "ws_CO_28042026163852567726263888", "ResultCode": 0, "ResultDesc": "The service request is processed successfully.", "CallbackMetadata": {"Item": [{"Name": "Amount", "Value": 1}, {"Name": "MpesaReceiptNumber", "Value": "UDSFO2G9VU"}, {"Name": "Balance"}, {"Name": "TransactionDate", "Value": 20260428163902}, {"Name": "PhoneNumber", "Value": 254726263888}]}}}}, "created": "2026-04-28T13:38:52.933Z", "updated": "2026-04-28T13:39:07.177Z"}}, {"model": "payments.payment", "pk": 7, "fields": {"order": 12, "checkout_request_id": "ws_CO_28042026164016248726263888", "merchant_request_id": "a067-4896-b5ab-937fa13e266729828", "mpesa_receipt_number": "", "phone_number": "0726263888", "amount": "1.00", "status": "failed", "raw_callback": {"Body": {"stkCallback": {"MerchantRequestID": "a067-4896-b5ab-937fa13e266729828", "CheckoutRequestID": "ws_CO_28042026164016248726263888", "ResultCode": 1032, "ResultDesc": "Request Cancelled by user."}}}, "created": "2026-04-28T13:40:16.642Z", "updated": "2026-04-28T13:40:28.856Z"}}, {"model": "payments.payment", "pk": 8, "fields": {"order": 13, "checkout_request_id": "ws_CO_29042026112434041726263888", "merchant_request_id": "98af-41cc-b897-7b9aa487500925026", "mpesa_receipt_number": "UDTFO2J3TJ", "phone_number": "0726263888", "amount": "1.00", "status": "completed", "raw_callback": {"Body": {"stkCallback": {"MerchantRequestID": "98af-41cc-b897-7b9aa487500925026", "CheckoutRequestID": "ws_CO_29042026112434041726263888", "ResultCode": 0, "ResultDesc": "The service request is processed successfully.", "CallbackMetadata": {"Item": [{"Name": "Amount", "Value": 1.0}, {"Name": "MpesaReceiptNumber", "Value": "UDTFO2J3TJ"}, {"Name": "Balance", "Value": 0.0}, {"Name": "TransactionDate", "Value": 20260429112449}, {"Name": "PhoneNumber", "Value": 254726263888}]}}}}, "created": "2026-04-29T08:24:34.438Z", "updated": "2026-04-29T08:24:53.010Z"}}]